{"cameraMode":{"drawMode":0,"name":"Shaded","section":"Shading Mode"},"sceneLighting":true,"audioPlay":false,"sceneViewState":{"m_AlwaysRefresh":false,"showFog":true,"showSkybox":true,"showFlares":true,"showImageEffects":true,"showParticleSystems":true,"showVisualEffectGraphs":true,"m_FxEnabled":true},"in2DMode":false,"pivot":{"x":0.10999999940395355,"y":3.2190001010894777,"z":-15.760000228881836},"rotation":{"x":-0.2724532186985016,"y":0.31353482604026797,"z":-0.09442033618688584,"w":-0.9047501087188721},"size":6.703668117523193,"orthographic":false}