{"cameraMode":{"drawMode":0,"name":"Shaded","section":"Shading Mode"},"sceneLighting":true,"audioPlay":false,"sceneViewState":{"m_AlwaysRefresh":false,"showFog":true,"showSkybox":true,"showFlares":true,"showImageEffects":true,"showParticleSystems":true,"showVisualEffectGraphs":true,"m_FxEnabled":true},"in2DMode":false,"pivot":{"x":-0.01007699966430664,"y":1.559999942779541,"z":1.940000057220459},"rotation":{"x":0.12132169306278229,"y":0.8110396862030029,"z":-0.18127773702144624,"w":0.5427964925765991},"size":5.000331401824951,"orthographic":false}