{"cameraMode":{"drawMode":0,"name":"Shaded","section":"Shading Mode"},"sceneLighting":true,"audioPlay":false,"sceneViewState":{"m_AlwaysRefresh":false,"showFog":true,"showSkybox":true,"showFlares":true,"showImageEffects":true,"showParticleSystems":true,"showVisualEffectGraphs":true,"m_FxEnabled":true},"in2DMode":false,"pivot":{"x":17.399999618530275,"y":1.1399998664855958,"z":-81.19999694824219},"rotation":{"x":-0.46218717098236086,"y":-0.03696778416633606,"z":0.019320767372846605,"w":-0.8858344554901123},"size":1.2247447967529297,"orthographic":true}