{"cameraMode":{"drawMode":0,"name":"Shaded","section":"Shading Mode"},"sceneLighting":true,"audioPlay":false,"sceneViewState":{"m_AlwaysRefresh":false,"showFog":true,"showSkybox":true,"showFlares":true,"showImageEffects":true,"showParticleSystems":true,"showVisualEffectGraphs":true,"m_FxEnabled":true},"in2DMode":false,"pivot":{"x":2.041900873184204,"y":2.8729145526885988,"z":-14.193879127502442},"rotation":{"x":-0.0004374822019599378,"y":-0.9952194094657898,"z":-0.005083443596959114,"w":0.098274365067482},"size":4.181338787078857,"orthographic":false}