{"cameraMode":{"drawMode":0,"name":"Shaded","section":"Shading Mode"},"sceneLighting":true,"audioPlay":false,"sceneViewState":{"m_AlwaysRefresh":false,"showFog":true,"showSkybox":true,"showFlares":true,"showImageEffects":true,"showParticleSystems":true,"showVisualEffectGraphs":true,"m_FxEnabled":true},"in2DMode":false,"pivot":{"x":-0.012084603309631348,"y":2.654944896697998,"z":2.7089109420776369},"rotation":{"x":0.30024299025535586,"y":-0.10559601336717606,"z":0.03346388787031174,"w":0.9474054574966431},"size":2.5974855422973635,"orthographic":false}