{"cameraMode":{"drawMode":0,"name":"Shaded","section":"Shading Mode"},"sceneLighting":true,"audioPlay":false,"sceneViewState":{"m_AlwaysRefresh":false,"showFog":true,"showSkybox":true,"showFlares":true,"showImageEffects":true,"showParticleSystems":true,"showVisualEffectGraphs":true,"m_FxEnabled":true},"in2DMode":false,"pivot":{"x":17.802330017089845,"y":0.8906970620155335,"z":-80.46821594238281},"rotation":{"x":0.2201218456029892,"y":-0.28005683422088625,"z":0.06610703468322754,"w":0.9321005344390869},"size":1.5846824645996094,"orthographic":true}