{"cameraMode":{"drawMode":0,"name":"Shaded","section":"Shading Mode"},"sceneLighting":true,"audioPlay":false,"sceneViewState":{"m_AlwaysRefresh":false,"showFog":true,"showSkybox":true,"showFlares":true,"showImageEffects":true,"showParticleSystems":true,"showVisualEffectGraphs":true,"m_FxEnabled":true},"in2DMode":false,"pivot":{"x":17.802330017089845,"y":0.8906970620155335,"z":-80.46821594238281},"rotation":{"x":0.18629971146583558,"y":0.3265760838985443,"z":-0.06585758924484253,"w":0.9243239164352417},"size":8.220850944519043,"orthographic":true}