{"cameraMode":{"drawMode":0,"name":"Shaded","section":"Shading Mode"},"sceneLighting":true,"audioPlay":false,"sceneViewState":{"m_AlwaysRefresh":false,"showFog":true,"showSkybox":true,"showFlares":true,"showImageEffects":true,"showParticleSystems":true,"showVisualEffectGraphs":true,"m_FxEnabled":true},"in2DMode":false,"pivot":{"x":-0.011868232861161232,"y":-0.4656480848789215,"z":-15.391424179077149},"rotation":{"x":0.02163565717637539,"y":0.973344087600708,"z":-0.10347511619329453,"w":0.20407696068286897},"size":1.5018165111541749,"orthographic":false}