{"cameraMode":{"drawMode":0,"name":"Shaded","section":"Shading Mode"},"sceneLighting":true,"audioPlay":false,"sceneViewState":{"m_AlwaysRefresh":false,"showFog":true,"showSkybox":true,"showFlares":true,"showImageEffects":true,"showParticleSystems":true,"showVisualEffectGraphs":true,"m_FxEnabled":true},"in2DMode":false,"pivot":{"x":0.988182008266449,"y":-0.08557635545730591,"z":-0.46085166931152346},"rotation":{"x":0.18707457184791566,"y":-0.046510759741067889,"z":0.008904172107577324,"w":0.981208324432373},"size":5.01245641708374,"orthographic":false}