{"cameraMode":{"drawMode":0,"name":"Shaded","section":"Shading Mode"},"sceneLighting":false,"audioPlay":false,"sceneViewState":{"m_AlwaysRefresh":false,"showFog":true,"showSkybox":false,"showFlares":true,"showImageEffects":true,"showParticleSystems":true,"showVisualEffectGraphs":true,"m_FxEnabled":true},"in2DMode":false,"pivot":{"x":25.479999542236329,"y":1.7000000476837159,"z":51.709999084472659},"rotation":{"x":0.2438589334487915,"y":0.17401698231697083,"z":-0.044525329023599628,"w":0.9530398845672607},"size":2.584211826324463,"orthographic":false}