{"cameraMode":{"drawMode":0,"name":"Shaded","section":"Shading Mode"},"sceneLighting":false,"audioPlay":false,"sceneViewState":{"m_AlwaysRefresh":false,"showFog":true,"showSkybox":false,"showFlares":true,"showImageEffects":true,"showParticleSystems":true,"showVisualEffectGraphs":true,"m_FxEnabled":true},"in2DMode":false,"pivot":{"x":26.056781768798829,"y":0.7158045172691345,"z":51.892860412597659},"rotation":{"x":0.31140151619911196,"y":-0.46024835109710696,"z":0.1763988733291626,"w":0.8124879002571106},"size":6.644829273223877,"orthographic":false}