{"cameraMode":{"drawMode":0,"name":"Shaded","section":"Shading Mode"},"sceneLighting":false,"audioPlay":false,"sceneViewState":{"m_AlwaysRefresh":false,"showFog":true,"showSkybox":false,"showFlares":true,"showImageEffects":true,"showParticleSystems":true,"showVisualEffectGraphs":true,"m_FxEnabled":true},"in2DMode":false,"pivot":{"x":25.479999542236329,"y":1.7000000476837159,"z":51.709999084472659},"rotation":{"x":0.2148706167936325,"y":-0.09009382873773575,"z":0.01991194486618042,"w":0.9722825884819031},"size":4.785818099975586,"orthographic":false}