{"cameraMode":{"drawMode":0,"name":"Shaded","section":"Shading Mode"},"sceneLighting":false,"audioPlay":false,"sceneViewState":{"m_AlwaysRefresh":false,"showFog":true,"showSkybox":false,"showFlares":true,"showImageEffects":true,"showParticleSystems":true,"showVisualEffectGraphs":true,"m_FxEnabled":true},"in2DMode":false,"pivot":{"x":-1.5326915979385377,"y":-1.2618502378463746,"z":8.628988265991211},"rotation":{"x":0.27563077211380007,"y":-0.44577300548553469,"z":0.14642144739627839,"w":0.8390157222747803},"size":11.877543449401856,"orthographic":true}